periodo,values
Manhã,30.649668000000023
Tarde,17.054322000000013
Noite,9.017732000000048
