periodo,values
Manhã,180.2888999999998
Tarde,200.63656000000023
Noite,200.3916200000002
